Muhammed MacIntyre,MuhammedMacIntyre@gmail.com,1234567890,admin
Barry French,BarryFrench@gmail.com,1234567891,admin
Barry French,Barry@gmail.com,1234567892,admin
Clay Rozendal,ClayRozendal@gmail.com,1234567893,admin
Carlos Soltero,Soltero@gmail.com,1234567894,admin
Carlos Soltero,Carlos@gmail.com,1234567895,agent
Carl Jackson,Carl@gmail.com,1234567896,agent
Carl Jackson,Jackson@gmail.com,1234567897,agent
Monica Federle,MonicaFederle@gmail.com,1234567898,agent
Dorothy Badders,DorothyBadders@gmail.com,1234567899,agent
